0001_foundation,1ccd0d6a99e11865850cd40f27d9446035e7d769d9b47f4f6d5c80776274117b
0002_w1_identity,5aa91502d511375eb7a43e0f226f3e1aeeee896981b7ea4b6faf1aa5bee97f82
0003_w2_agent,73996996033babd30c919a9f06822f352270987630e96c588ae5f6fe73aef510
0004_commerce,5a4aaeb45cc02d53a72d3c4e1558609e9dbf52b2f15b94d7f228d308813c76cc
0006_w6_media_sessions,0206427e525c5569c7f1753b92d39556bfe56ca0c1df61932213514da681a427
0007_growth,1ead3fb1b0c213c253bc2170e67467bf945821c9d6a9bb7d3b700b39d7d75c42
0008_trust_operations,f88465f4d15dfb19176893789429aef648a0b16fed3403c4dd27a0ffbcf5b50c
0010_w8_operational_guardrails,5b7be49722ccaf787b1b0f1df17aaea48b5b29b6539a62e55d40328a153dd0b8
0011_growth_retention,69478a0f75d4c91f61d74d5f3416e8c07077fffcbe7978325fc7131fb847f79c
0012_w8_crisis_event_rls,1f60f00ac0457c506296a818de81af473c2aa8e057d5355a387a3fcc55b7cbd1
0013_w2_agent_extensions,7fc5995956d2e407475f815a2a707737c225cce0346643b8fd6b345d972fe59c
0015_w4_reliability,5a94d77858838e26c94c6df559b01034d9cd48b94fd1530ebe937ab9840a89b4
0016_w4_disclosure,927291027eb0ad9942679b188f5e3f2cd74c1767d1b30aab7284f86de114fc89
0017_growth_delivery,9a0623260bebbda477f95a81e692b8cc39d991891e282c5cf144963efafaf33b
0018_growth_activation,615ce7b38c2d894dc54767953dc5c0d1e9b17aa9c77d5867cd1b1619a850e509
0019_w2_shadow_jobs,1f8e6e5ef1aa11859e3d972fb87273bec9fe233b4b406f51bc02df922d75158b
0020_w2_purge_tombstone,419dd13b87d853363cfa3fee934f1916d78423dd0a6bdd88abcf4f1853d540ca
0021_w4_lifecycle,5c6d0225bd8180341877b6881214f035af89a8377d6265c1223dfa6d82a5a965
0022_w4_lineage,03705311adf220a1658ec5b1cc2e3d661a3b5a8367664bd3204b51c4d3bba698
0023_w8_action_recovery,4c2ec5cee7e66d7a6178b87271c21a4b060fe34e9e6a587ddaf9ebe39852a720
0024_growth_insight_versions,bfbc1d4380037e7accd313ba06e720b31dd5af9cdfc94157e7bebd7c246efea4
0025_growth_closed_windows,a52750f6db6ff8f114f67ee14cf5966da5d936f7fccc06e714c0a9c2b08c182d
0026_growth_window_backfill,63e50cb371ac650c31a0a05310de6e7ddc6db09643e0670d573e93f4f62d5466
0027_w8_privacy_ownership,de8587672985d79c480bafb41961041be9390f565b3612ca14285d87d2319028
0028_w4_membership_history,b8af45b7fa1804e5127bc0a49287fca0bad80be7eb84bf86a3afc4f85f2a880c
0029_w4_recovery_fencing,b7b8a04af277d9be7877c691e1f1eeeeffbcfb440ba74b519a14206d7fc4ead9
0030_w4_spending_notices,ac608681416e8a5388ec3e966b68bae7fe0e77553b0eb4dd16cf0941c12e2dcd
0031_w4_purchase_history,72d14f4065cad72a5a836daa724c816abd79557078f5f0602bd9a39e64c00a6e
